seed,ablation,setting,AURC,risk80,loose,AURC_conf
0,features,p_f only,0.205092422597783,0.2837886315870731,nan,
0,features,+A_top,0.19475842465653537,0.27496317113370966,nan,
0,features,+A_gap,0.19173721214299455,0.2826444907227359,nan,
0,features,+A_js,0.20472791489285658,0.28021164780136665,nan,
0,features,+A_prod,0.200262242340855,0.2863926054399295,nan,
0,features,p_f + branch scores + agreement (6),0.17673107757523565,0.26635287954109554,nan,
0,features,p_f + visual context,0.16840404170938855,0.2607452049204221,nan,
0,features,p_f + visual + audio context,0.16528541804163888,0.2581757573080942,nan,
0,features,all but audio context,0.16134229420524399,0.2555652759525504,nan,
0,features,agreement + temporal context (11),0.16054176247777507,0.25460369062339866,nan,
0,features,"all (ours, 42: + event-structure context)",0.15736036118428534,0.2510652944256409,nan,
0,features,"visual only, no audio anywhere",0.18853177081247854,0.2690814992652336,nan,
0,features,all 42 + selected coefficients (ours),0.1459347240444629,0.23891383795837465,nan,
0,features,"all except agreement variables, selected",0.14790008046914688,0.23895613634592042,nan,
0,features,"past-only context, selected",0.15679354672861606,0.24598612487611496,nan,
0,features,"ours + class-conditional calibration, Eq. (3)",0.14496560853469276,0.23933635739879544,nan,
0,rerank,late fusion (no reranking),nan,nan,0.5428272226107649,
0,rerank,"score-multiset-preserving, candidates >= tau0, 6 features",nan,nan,0.544350214417499,
0,rerank,"score-multiset-preserving, candidates >= tau0, 11 features",nan,nan,0.5549980392240066,
0,rerank,"score-multiset-preserving, all detections >= tau_r, per half, 11 features",nan,nan,0.5552561445709165,
0,rerank,"score-multiset-preserving, per half, no agreement variables",nan,nan,0.5711699847720312,
0,rerank,"score-multiset-preserving, per half, past-only context",nan,nan,0.5664466431257035,
0,rerank,"score-multiset-preserving, all detections >= tau_r, per half, + event-structure context (ours)",nan,nan,0.5721006809888561,
0,rerank,"score-multiset-preserving, all detections >= tau_r, test-set-wide",nan,nan,0.5889946819262186,
0,rerank,score-compressing p_f r^0.5,nan,nan,0.5412573676491882,
0,tau0,0.05,0.5867796470536987,0.791249407965012,nan,0.6033450306095477
0,tau0,0.1,0.4628544563025448,0.6770910934617572,nan,0.4869569943815747
0,tau0,0.2,0.3187573168287099,0.5028760289401331,nan,0.3533442428193855
1,features,p_f only,0.2134628722644736,0.3104967194634086,nan,
1,features,+A_top,0.20561380214026564,0.3040692216736319,nan,
1,features,+A_gap,0.20938029508763775,0.31046183242362463,nan,
1,features,+A_js,0.21200750819644762,0.3037723689277101,nan,
1,features,+A_prod,0.21305392924395194,0.3109206107492964,nan,
1,features,p_f + branch scores + agreement (6),0.19567353089156994,0.2958305999899076,nan,
1,features,p_f + visual context,0.18446491655641073,0.28982572749041674,nan,
1,features,p_f + visual + audio context,0.18314128818719125,0.28653619266276087,nan,
1,features,all but audio context,0.17815748982704932,0.2835730630925139,nan,
1,features,agreement + temporal context (11),0.1779128384464182,0.2818878560525912,nan,
1,features,"all (ours, 42: + event-structure context)",0.17561977459329287,0.2795365726177689,nan,
1,features,"visual only, no audio anywhere",0.20290985492913485,0.3013211897693628,nan,
1,features,all 42 + selected coefficients (ours),0.16416838980035006,0.26953101191517,nan,
1,features,"all except agreement variables, selected",0.16532425820294286,0.26975679210131864,nan,
1,features,"past-only context, selected",0.17273738920022802,0.2755649511590611,nan,
1,features,"ours + class-conditional calibration, Eq. (3)",0.16383917742536305,0.27030912799692547,nan,
1,rerank,late fusion (no reranking),nan,nan,0.5414969478588616,
1,rerank,"score-multiset-preserving, candidates >= tau0, 6 features",nan,nan,0.5437874046667495,
1,rerank,"score-multiset-preserving, candidates >= tau0, 11 features",nan,nan,0.554863207302254,
1,rerank,"score-multiset-preserving, all detections >= tau_r, per half, 11 features",nan,nan,0.5584999433172011,
1,rerank,"score-multiset-preserving, per half, no agreement variables",nan,nan,0.5679204076560184,
1,rerank,"score-multiset-preserving, per half, past-only context",nan,nan,0.5628261826801154,
1,rerank,"score-multiset-preserving, all detections >= tau_r, per half, + event-structure context (ours)",nan,nan,0.5757695131299403,
1,rerank,"score-multiset-preserving, all detections >= tau_r, test-set-wide",nan,nan,0.5950889936593544,
1,rerank,score-compressing p_f r^0.5,nan,nan,0.5453038008155655,
1,tau0,0.05,0.5457991380399062,0.756752461977405,nan,0.5615586490217528
1,tau0,0.1,0.4296757937882253,0.6413433611370076,nan,0.4516855811460324
1,tau0,0.2,0.30408546910961043,0.4822866129741019,nan,0.334135348733627
2,features,p_f only,0.20136247926774947,0.2702958283579215,nan,
2,features,+A_top,0.19124701884430717,0.2665851555110444,nan,
2,features,+A_gap,0.18336872258781317,0.26791665604116055,nan,
2,features,+A_js,0.20164159989480437,0.2692928540821182,nan,
2,features,+A_prod,0.1932737958494503,0.27233528630642295,nan,
2,features,p_f + branch scores + agreement (6),0.1706284007781363,0.2555858918926693,nan,
2,features,p_f + visual context,0.15867617144200163,0.2464360120427555,nan,
2,features,p_f + visual + audio context,0.15762592644727502,0.24582267407770925,nan,
2,features,all but audio context,0.1519795581012526,0.24404966825237856,nan,
2,features,agreement + temporal context (11),0.15193236711334832,0.24358118241719015,nan,
2,features,"all (ours, 42: + event-structure context)",0.15144583378235668,0.24161274463779003,nan,
2,features,"visual only, no audio anywhere",0.17915856080524178,0.2544727818553673,nan,
2,features,all 42 + selected coefficients (ours),0.14546892595076577,0.23170394306192832,nan,
2,features,"all except agreement variables, selected",0.14681075181819245,0.23146404389192485,nan,
2,features,"past-only context, selected",0.15415996048665354,0.23820331947196158,nan,
2,features,"ours + class-conditional calibration, Eq. (3)",0.14471741774772398,0.23032844721627896,nan,
2,rerank,late fusion (no reranking),nan,nan,0.54144492369917,
2,rerank,"score-multiset-preserving, candidates >= tau0, 6 features",nan,nan,0.5454911189708322,
2,rerank,"score-multiset-preserving, candidates >= tau0, 11 features",nan,nan,0.552503264095561,
2,rerank,"score-multiset-preserving, all detections >= tau_r, per half, 11 features",nan,nan,0.5527266140391054,
2,rerank,"score-multiset-preserving, per half, no agreement variables",nan,nan,0.5704052951040931,
2,rerank,"score-multiset-preserving, per half, past-only context",nan,nan,0.5673166254449268,
2,rerank,"score-multiset-preserving, all detections >= tau_r, per half, + event-structure context (ours)",nan,nan,0.5720235888104299,
2,rerank,"score-multiset-preserving, all detections >= tau_r, test-set-wide",nan,nan,0.5902488568547125,
2,rerank,score-compressing p_f r^0.5,nan,nan,0.5402332730358412,
2,tau0,0.05,0.5692304198421281,0.7756427191727758,nan,0.5845588306959335
2,tau0,0.1,0.45156438047318503,0.663208865283344,nan,0.4731186533107827
2,tau0,0.2,0.31444276189603215,0.4934054572048217,nan,0.3457520397292115
3,features,p_f only,0.20537567434059864,0.27529499840082416,nan,
3,features,+A_top,0.19731034189410582,0.27067985846672754,nan,
3,features,+A_gap,0.18767683662962048,0.2723616869763139,nan,
3,features,+A_js,0.20617581892859033,0.27589403600699436,nan,
3,features,+A_prod,0.19652143752851578,0.2785837299412588,nan,
3,features,p_f + branch scores + agreement (6),0.17544796477454438,0.26133707170582204,nan,
3,features,p_f + visual context,0.16510476611217134,0.2517516646586806,nan,
3,features,p_f + visual + audio context,0.16481593585173696,0.24996886560413464,nan,
3,features,all but audio context,0.15913867393820197,0.24849168707235364,nan,
3,features,agreement + temporal context (11),0.15944893740176624,0.24838998010637445,nan,
3,features,"all (ours, 42: + event-structure context)",0.15675202063986954,0.24636213216080668,nan,
3,features,"visual only, no audio anywhere",0.18503763718334187,0.2617016862706736,nan,
3,features,all 42 + selected coefficients (ours),0.14753512697739188,0.23755749065755127,nan,
3,features,"all except agreement variables, selected",0.1494622073116734,0.23781165675334,nan,
3,features,"past-only context, selected",0.15780505416689755,0.24581903086366644,nan,
3,features,"ours + class-conditional calibration, Eq. (3)",0.14661323239177054,0.23569471804974143,nan,
3,rerank,late fusion (no reranking),nan,nan,0.5380707019040983,
3,rerank,"score-multiset-preserving, candidates >= tau0, 6 features",nan,nan,0.5417181795595223,
3,rerank,"score-multiset-preserving, candidates >= tau0, 11 features",nan,nan,0.548735217304747,
3,rerank,"score-multiset-preserving, all detections >= tau_r, per half, 11 features",nan,nan,0.5530080069417206,
3,rerank,"score-multiset-preserving, per half, no agreement variables",nan,nan,0.5718398255300988,
3,rerank,"score-multiset-preserving, per half, past-only context",nan,nan,0.566396780868304,
3,rerank,"score-multiset-preserving, all detections >= tau_r, per half, + event-structure context (ours)",nan,nan,0.5729661311946989,
3,rerank,"score-multiset-preserving, all detections >= tau_r, test-set-wide",nan,nan,0.5914610144167582,
3,rerank,score-compressing p_f r^0.5,nan,nan,0.5330117136566563,
3,tau0,0.05,0.5694505072112555,0.7763332547489945,nan,0.5848564806307017
3,tau0,0.1,0.45427639654161045,0.666238385868003,nan,0.476219260510479
3,tau0,0.2,0.31566488997105246,0.49768145840350286,nan,0.3483453312804234
4,features,p_f only,0.27821644957906333,0.36749011699663325,nan,
4,features,+A_top,0.26656626700804353,0.3639133080123068,nan,
4,features,+A_gap,0.25818865128875407,0.37558779721355917,nan,
4,features,+A_js,0.2778932960992232,0.36460653672091514,nan,
4,features,+A_prod,0.2756350780598854,0.3791155817599056,nan,
4,features,p_f + branch scores + agreement (6),0.2342232724372113,0.35195220018263806,nan,
4,features,p_f + visual context,0.2241565133194812,0.34735039825413155,nan,
4,features,p_f + visual + audio context,0.222905636412659,0.34580939263470273,nan,
4,features,all but audio context,0.21598262796555173,0.34312460702673697,nan,
4,features,agreement + temporal context (11),0.21572498996870462,0.34283092400416915,nan,
4,features,"all (ours, 42: + event-structure context)",0.21419517348824546,0.3422304799021163,nan,
4,features,"visual only, no audio anywhere",0.24249292158050104,0.3561601439678783,nan,
4,features,all 42 + selected coefficients (ours),0.2033057051506443,0.33211380225049186,nan,
4,features,"all except agreement variables, selected",0.2045183145138223,0.3327104264705864,nan,
4,features,"past-only context, selected",0.21286828252834677,0.33570304906301124,nan,
4,features,"ours + class-conditional calibration, Eq. (3)",0.20209370049161715,0.3317989056787467,nan,
4,rerank,late fusion (no reranking),nan,nan,0.5286251925243097,
4,rerank,"score-multiset-preserving, candidates >= tau0, 6 features",nan,nan,0.532590509736234,
4,rerank,"score-multiset-preserving, candidates >= tau0, 11 features",nan,nan,0.5488838047502198,
4,rerank,"score-multiset-preserving, all detections >= tau_r, per half, 11 features",nan,nan,0.5428537571877757,
4,rerank,"score-multiset-preserving, per half, no agreement variables",nan,nan,0.5606402937893024,
4,rerank,"score-multiset-preserving, per half, past-only context",nan,nan,0.5521441290663489,
4,rerank,"score-multiset-preserving, all detections >= tau_r, per half, + event-structure context (ours)",nan,nan,0.5629739573905173,
4,rerank,"score-multiset-preserving, all detections >= tau_r, test-set-wide",nan,nan,0.5812735902883087,
4,rerank,score-compressing p_f r^0.5,nan,nan,0.5250751039184092,
4,tau0,0.05,0.5872608373651789,0.7908269286409294,nan,0.6099907287765282
4,tau0,0.1,0.4618618090392549,0.6740259686795,nan,0.495944906763349
4,tau0,0.2,0.31382607457609646,0.4953384554647879,nan,0.36584962360881895
