seed,condition,loose_late,loose_qmf,loose_agree,AURC_conf,AURC_agree,n_cand
0,vdrop0.25,0.5356390548649674,0.48287016255699383,0.5678797297760748,0.20740260764682725,0.14528860494234358,18879
0,vdrop0.5,0.5122763849111238,0.441552387050985,0.5184805294432842,0.2132303376666232,0.16315876511858812,16494
0,vdrop0.75,0.45473387055440423,0.36118571045818104,0.3630150162997809,0.2421163550400962,0.23297974229281873,13261
0,amute0.5,0.5228474390679121,0.4454727517398846,0.539636281765593,0.20576205038967876,0.15563862510823234,18286
1,vdrop0.25,0.5367282799891203,0.4888082063694359,0.5686297057821076,0.21562918478638315,0.169797227746367,22636
1,vdrop0.5,0.5107806518197954,0.4463825921534367,0.4889565488757729,0.22411609058144583,0.20717009363571112,20828
1,vdrop0.75,0.45248276549529753,0.367447650350786,0.32103808070199563,0.248960350153321,0.27827585464033044,16438
1,amute0.5,0.530715790809999,0.45244656173634606,0.5449364270973877,0.214780873632129,0.17830911686491144,22277
2,vdrop0.25,0.5401517817592182,0.4725187252992317,0.5660157496663566,0.204524229492353,0.1457952654408552,18582
2,vdrop0.5,0.5131261822414664,0.42813284986598443,0.5235901257476976,0.21569373078597143,0.16599267328522227,16137
2,vdrop0.75,0.454042910047249,0.33831426793924146,0.40140905688471784,0.24416427415177083,0.2286895701884088,12658
2,amute0.5,0.52803330725072,0.4430397868656027,0.5465319719558922,0.19858190539497364,0.15149556153269478,18246
3,vdrop0.25,0.5301505696098135,0.4999296727810853,0.5656677562085304,0.20934755387649473,0.1496437964549372,18755
3,vdrop0.5,0.5082414230480166,0.4456915795301866,0.527268890279811,0.21877513020263079,0.1859916386736353,16091
3,vdrop0.75,0.4469584891508997,0.3624482410788275,0.40854298960604835,0.2528905684786619,0.2896295012845815,12608
3,amute0.5,0.5240591009960291,0.46431367973071663,0.5411665789420016,0.20289876494930884,0.15534380388859959,18527
4,vdrop0.25,0.5196867753671888,0.49781445431786087,0.5483898878411222,0.29147590564078113,0.21159569864356828,27205
4,vdrop0.5,0.4945214475712376,0.45059958068229816,0.5160590589427222,0.31769234232737764,0.251079774628919,26323
4,vdrop0.75,0.4389805739760364,0.3649165063042306,0.4094943489017728,0.37650250871438684,0.3679054690591743,25549
4,amute0.5,0.5067648412511581,0.4577252742027657,0.526052906796204,0.2731634455623028,0.2049766666554026,24508
