seed,feature,spearman_all,spearman_visible,spearman_unshown
0,A_top,0.26352407878751455,0.2752746924266961,0.08622147161006867
0,A_gap,-0.002866628786613735,0.006703652486620308,-0.024117009154728284
0,A_js,0.11569286481901653,0.12092304447760643,0.09218056857303043
0,A_prod,0.183650199379128,0.20348968865117145,0.08010516494216155
0,p_v,0.30652927265911034,0.3167135035159928,0.13306850735649575
0,p_a,0.11425440141691645,0.128677593600776,0.06632544288629473
0,p_f,0.31257922745127653,0.33500988825747097,0.14615535217673273
0,errcorr_cand_visual_audio,-0.4402677498468162,nan,nan
0,errcorr_cand_visual_visual,0.7277449504878098,nan,nan
0,errrate_unsel_visual,0.19056804576293734,0.3375016628974325,0.0436344286284422
0,errrate_unsel_audio,0.37973925768258615,0.7356214802004346,0.023857035164737705
0,errrate_unsel_visual_seed,0.1878630659394262,0.333865460511729,0.04186067136712341
0,errcorr_unsel_visual_audio,0.377013608120426,0.1627158859052664,0.16717514158703112
0,errcorr_unsel_visual_visual,0.7897498185246375,0.7558389569062796,0.7541891103057212
0,n_unsel,45102.0,22551.0,22551.0
0,bin0,0.4489593657086224,0.4205298013245033,0.6990291262135923
0,bin1,0.6337958374628345,0.6155619596541787,0.7455830388692579
0,bin2,0.7041625371655104,0.6885434657455383,0.800711743772242
0,bin3,0.7125867195242814,0.701098901098901,0.8181818181818182
0,bin4,0.597621407333994,0.591644908616188,0.7087378640776699
0,bin5,0.5530227948463825,0.5475460122699386,0.7258064516129032
0,bin6,0.6035678889990089,0.5973563802745298,0.8431372549019608
0,bin7,0.6947472745292369,0.691683569979716,0.8260869565217391
0,bin8,0.8077304261645193,0.8080040526849037,0.7954545454545454
0,bin9,0.900396432111001,0.8997985901309165,0.9375
1,A_top,0.2731200702823833,0.2899642593799736,0.07707232036095979
1,A_gap,-0.0009298928519321767,0.016302840848236515,-0.07873480860843407
1,A_js,0.12714748615979007,0.13358620486007838,0.0380226164470785
1,A_prod,0.2452608004971263,0.2756192702252019,0.08527015764785291
1,p_v,0.34237288938559035,0.3619913062863086,0.14304184133718142
1,p_a,0.19525709607887684,0.22131132168861,0.06238044604745688
1,p_f,0.37555753521412644,0.40877348338047104,0.13583221302260973
1,errcorr_cand_visual_audio,-0.5275403102938041,nan,nan
1,errcorr_cand_visual_visual,0.6667540451693204,nan,nan
1,errrate_unsel_visual,0.18702053124029977,0.333865460511729,0.04017560196887056
1,errrate_unsel_audio,0.3844840583566139,0.7426721653141768,0.02629595139905104
1,errrate_unsel_visual_seed,0.18934858764578066,0.3375016628974325,0.041195512394128865
1,errcorr_unsel_visual_audio,0.3858249273366367,0.17474582156529916,0.16395138889041158
1,errcorr_unsel_visual_visual,0.7861728507403133,0.7558389569062796,0.7211403410368781
1,n_unsel,45102.0,22551.0,22551.0
1,bin0,0.343213058419244,0.30729411764705883,0.7192118226600985
1,bin1,0.5234207133648474,0.482706002034588,0.7451523545706371
1,bin2,0.5900300816501933,0.5612708018154312,0.7558139534883721
1,bin3,0.6743986254295533,0.6501766784452296,0.8126801152737753
1,bin4,0.6892995272883541,0.6713455953533398,0.8314176245210728
1,bin5,0.5616673828964331,0.5511953089760938,0.7727272727272727
1,bin6,0.5816151202749141,0.5757307351638619,0.7714285714285715
1,bin7,0.6536312849162011,0.6503957783641161,0.7924528301886793
1,bin8,0.776536312849162,0.7755370451556335,0.8260869565217391
1,bin9,0.8999140893470791,0.9006129597197898,0.8636363636363636
2,A_top,0.24549760537594828,0.2564520034095164,0.09162534560221332
2,A_gap,-0.04348756453984321,-0.03183084506381108,-0.07207893020310903
2,A_js,0.06800138101872062,0.07338567390234411,0.04550349327253611
2,A_prod,0.1450424365648446,0.16606356653307483,0.07454460564159723
2,p_v,0.3200807730892916,0.3294569903028587,0.16078021263646314
2,p_a,0.07540722741878493,0.09059680530611111,0.05255763208977538
2,p_f,0.30403744220691276,0.327039265593589,0.16026890333238383
2,errcorr_cand_visual_audio,-0.46244262114792434,nan,nan
2,errcorr_cand_visual_visual,0.7558488520347326,nan,nan
2,errrate_unsel_visual,0.1861114806438739,0.3245975788213383,0.047625382466409474
2,errrate_unsel_audio,0.38909582723604275,0.7562857522947984,0.021905902177287037
2,errrate_unsel_visual_seed,0.19141058046206377,0.3375016628974325,0.04531949802669505
2,errcorr_unsel_visual_audio,0.3601165171670128,0.14603169993173373,0.17990291058225444
2,errcorr_unsel_visual_visual,0.783012311797895,0.7499672845701203,0.7510865274205375
2,n_unsel,45102.0,22551.0,22551.0
2,bin0,0.5107661492238358,0.4813769751693002,0.7422222222222222
2,bin1,0.6349524286429644,0.6171091445427729,0.7350993377483444
2,bin2,0.7210816224336505,0.7066115702479339,0.801980198019802
2,bin3,0.7481221832749124,0.7353108956075299,0.8401639344262295
2,bin4,0.6384576865297947,0.6289640591966174,0.8095238095238095
2,bin5,0.5543314972458688,0.5469155002592017,0.7647058823529411
2,bin6,0.5888833249874812,0.5849153412006157,0.75
2,bin7,0.6785177766649975,0.6751918158567775,0.8333333333333334
2,bin8,0.7966950425638458,0.7968270214943706,0.7906976744186046
2,bin9,0.8938407611417125,0.8934217236104028,0.9166666666666666
3,A_top,0.23579814922179299,0.24256019129117307,0.12479909919045133
3,A_gap,-0.052684869973779934,-0.04465735478757385,-0.04931761720125798
3,A_js,0.07365127566083639,0.07660709302801841,0.08645357987647458
3,A_prod,0.14330003703148292,0.15950737162286388,0.10391166626874199
3,p_v,0.31023317857618987,0.3188677965630668,0.1417758128163661
3,p_a,0.08164210329969493,0.09301811741130532,0.08841339034074966
3,p_f,0.3032103152145058,0.3225777864030904,0.13973561254698788
3,errcorr_cand_visual_audio,-0.5176406852874863,nan,nan
3,errcorr_cand_visual_visual,0.7311970682312565,nan,nan
3,errrate_unsel_visual,0.18460378697175292,0.3223803822446898,0.046827191698816016
3,errrate_unsel_audio,0.39712207884351025,0.7744224202917831,0.019821737395237463
3,errrate_unsel_visual_seed,0.19052370183140438,0.3375016628974325,0.043545740765376255
3,errcorr_unsel_visual_audio,0.348113561830279,0.12165877805178509,0.1506857583652645
3,errcorr_unsel_visual_visual,0.7793619369708261,0.7454659190615622,0.7477185589229871
3,n_unsel,45102.0,22551.0,22551.0
3,bin0,0.5091088133924175,0.4912854030501089,0.676923076923077
3,bin1,0.6310344827586207,0.6188594014680971,0.7142857142857143
3,bin2,0.708025603151157,0.69375,0.8007380073800738
3,bin3,0.732512315270936,0.7174762702400893,0.8451882845188284
3,bin4,0.6448275862068965,0.6348788198103267,0.7878787878787878
3,bin5,0.5647464303298868,0.5574102175012645,0.8333333333333334
3,bin6,0.5916256157635468,0.5901970692268823,0.6470588235294118
3,bin7,0.6646971935007385,0.6616314199395771,0.8
3,bin8,0.7906403940886699,0.7901606425702812,0.8157894736842105
3,bin9,0.8857705563761694,0.8862725450901804,0.8571428571428571
4,A_top,0.2948486620864911,0.3065145237842517,0.10594159543237523
4,A_gap,-0.016577755032242,-0.0038316787691883678,-0.05048668396595099
4,A_js,0.13648058324627796,0.14193766318671253,0.052556792575395896
4,A_prod,0.25467086736251876,0.2791807473534913,0.12339781438106917
4,p_v,0.4199939125142368,0.43256754929152663,0.18842138246212814
4,p_a,0.03663909501517389,0.05542019265685748,0.023552246785903435
4,p_f,0.3721935198597305,0.3993776950671471,0.17380270783656426
4,errcorr_cand_visual_audio,-0.4923502331501739,nan,nan
4,errcorr_cand_visual_visual,0.6726724032147663,nan,nan
4,errrate_unsel_visual,0.18657709192497007,0.3288545962485034,0.04429958760143674
4,errrate_unsel_audio,0.3840849629728172,0.7463083676998803,0.02186155824575407
4,errrate_unsel_visual_seed,0.1906123896944703,0.3375016628974325,0.04372311649150814
4,errcorr_unsel_visual_audio,0.3785358401239828,0.17015183251799312,0.18593256915627607
4,errcorr_unsel_visual_visual,0.7731763414207148,0.7391925238807638,0.7275735803420459
4,n_unsel,45102.0,22551.0,22551.0
4,bin0,0.23740485683218557,0.2148091014269186,0.5903614457831325
4,bin1,0.4807831762146483,0.4465696465696466,0.7138810198300283
4,bin2,0.5667150108774475,0.550808793031937,0.6772334293948127
4,bin3,0.608411892675852,0.5853658536585366,0.7728613569321534
4,bin4,0.5489485134155185,0.5232235013894403,0.8200836820083682
4,bin5,0.4726350126857557,0.4610143830431491,0.7350427350427351
4,bin6,0.5155910079767948,0.5084745762711864,0.6990291262135923
4,bin7,0.5975344452501813,0.5913658355042799,0.8309859154929577
4,bin8,0.728788977519942,0.7283172720533728,0.75
4,bin9,0.8611815875317144,0.8598303209147916,0.9375
