seed,system,loose,tight,visible,unshown,pc_Penalty,pc_Kick-off,pc_Goal,pc_Substitution,pc_Offside,pc_Shots on target,pc_Shots off target,pc_Clearance,pc_Ball out of play,pc_Throw-in,pc_Foul,pc_Indirect free-kick,pc_Direct free-kick,pc_Corner,pc_Yellow card,pc_Red card,pc_Yellow->red card
0,Visual-only,0.5163619894836002,0.3766453451136738,0.5767012368302094,0.3232664984517556,0.5768938197890867,0.412126391053174,0.6870399391450946,0.6766487862162788,0.19423812657632256,0.4351691555434998,0.4723565205596387,0.5878677292665301,0.7606382492061129,0.7364029462627051,0.6889796321113724,0.4477074097792663,0.6338806744335167,0.8492662320419586,0.5801301479831471,0.014540540802508533,0.02426752045099203
0,Audio-only,0.2981453619885358,0.20856309955747881,0.33698588312467004,0.17236114296411872,0.3185490720320404,0.0715501888813445,0.6843832906280142,0.3611190814081693,0.14306893074851634,0.4617829933008568,0.28413739125685944,0.21992895768288817,0.5138359740783391,0.26773730207731855,0.6398919435271218,0.21371800109935696,0.3776739485711888,0.2746314541605335,0.23309739285489597,0.0013778279822031234,0.0019874035154606824
0,Late fusion (fixed w),0.5428272226107649,0.42047273759921194,0.6064047963056217,0.3386600280560956,0.6063613308003231,0.41393698256283573,0.8023122157711491,0.6974138902850908,0.26052401864728264,0.5082399568947825,0.45627159831720365,0.5974840934923922,0.7660949190340017,0.7429091918524438,0.7882474953713405,0.44883669476253457,0.6672304384031897,0.8361168224740407,0.5997857000767277,0.014551133251971844,0.021746302385691692
0,Early fusion (joint),0.48716131733394347,0.35097710540652793,0.5552312281662914,0.30791463370909344,0.43758609903881074,0.3380512670467562,0.6402160675911375,0.6503742349336428,0.13225519864407598,0.41543160418111413,0.45344013325978383,0.5644736423579523,0.7524907960054901,0.7235985352408453,0.6868964352137555,0.4414126683577076,0.6266759459546921,0.8429281072378113,0.536808878226622,0.010460058636269311,0.028642722750572062
0,Mean ensemble (4 visual seeds),0.5325685749770073,0.3944234626500296,0.6079908942976364,0.3362160822592831,0.5424846538990254,0.4242172390947736,0.7330973267625738,0.7003419164874157,0.23295309051201307,0.44131027775903975,0.4907103470884706,0.5931424781887076,0.7775377352283023,0.7613872977165076,0.706555229882884,0.475596171652086,0.6456772569606151,0.8623149628442142,0.5959795294501107,0.03547900889374321,0.03488125218864278
0,Agreement ensemble (PAVE-style),0.5184694234131804,0.38764149556482275,0.5925556988867151,0.3166555488191359,0.5212503801905505,0.4036783602078637,0.7259025223078186,0.6673872262662718,0.23169700217407144,0.43152256859579907,0.48743783383903544,0.5771695566401799,0.7624169265090319,0.7399621311731974,0.676170019749949,0.4463751741758017,0.6414909275256058,0.8575537706500284,0.5807902209675164,0.03758966670145387,0.025585910349890592
0,Agreement ensemble + rare bypass,0.5180886742257277,0.3883468682445969,0.5945731197686952,0.3166555488191359,0.5175851562942787,0.4036783602078637,0.7259025223078186,0.6673872262662718,0.23169700217407144,0.43152256859579907,0.48743783383903544,0.5771695566401799,0.7624169265090319,0.7399621311731974,0.676170019749949,0.4463751741758017,0.6414909275256058,0.8575537706500284,0.5807902209675164,0.031888462661903684,0.028479602099017596
0,QMF (Zhang et al.),0.5030275971026995,0.3710135210348218,0.5578448626688813,0.30807783975329006,0.5666330418195783,0.34119355165781157,0.7887528081869146,0.6272112362241153,0.25795648796177767,0.39322092171793854,0.4432177269126539,0.5450692894182109,0.7508163276556445,0.7307620240117987,0.7662470054674433,0.43238618277319335,0.6290527811560169,0.8285366687959663,0.43853181815796227,0.005538516792413572,0.0063427620364502856
0,AGREE rerank (ours),0.5721006809888561,0.4318174067206323,0.6310231033267922,0.3929290509103106,0.5766466689502614,0.5710184420772658,0.8053681868388799,0.7171202857548914,0.28945087962187793,0.5159894717301836,0.4736807578666422,0.6711550353030421,0.7956171121036291,0.7626479402202061,0.7940451834302501,0.6096989288662296,0.6552147319895222,0.8567991975329655,0.5940261137296327,0.01548633840938441,0.021746302385691692
0,"AGREE rerank, test-set-wide multiset",0.5889946819262186,0.44066002446706604,0.648588273886499,0.4103648280727183,0.5493506777526274,0.6967362746233485,0.8150489019190506,0.7421541234297911,0.30754691236610565,0.5281096199684907,0.4780063349758475,0.7018423107109243,0.7978005676599065,0.7655874566936188,0.8033357862366618,0.6428276230642244,0.6642562096605232,0.8805842918867882,0.5914697693907992,0.029605603575037207,0.01864712883197269
0,"AGREE rerank, per half, 11 features (no event-structure context)",0.5552561445709165,0.4242070492432072,0.6176247876927617,0.3566899420694881,0.584555261451118,0.4374491087144875,0.8113207346492828,0.6999393964277332,0.2944735359682581,0.5198979817707383,0.4654620982726151,0.609507010722567,0.7958135703785607,0.7527022420848692,0.7966898120553645,0.5228943168208882,0.6692055507586188,0.8376637155243972,0.6045474813110046,0.01548633840938441,0.021746302385691692
0,"AGREE rerank, per half, no agreement variables",0.5711699847720312,0.4300765908798386,0.6298946015982669,0.3894960269174425,0.6003768735949351,0.566661917676159,0.7970714138619951,0.7166073687345423,0.273883668432957,0.519962698993208,0.46929966824666675,0.6681150443218513,0.79530099129117,0.7608059942902443,0.795202291639518,0.60959082061053,0.654716065715369,0.8541694184753684,0.5908928644449388,0.01548633840938441,0.021746302385691692
0,"AGREE rerank, per half, past-only context",0.5664466431257035,0.4296881056449904,0.6263885381087011,0.38354166089882025,0.5821097190813562,0.5653839528637593,0.7977473647004025,0.7007062234349504,0.2719259198647993,0.5125763525718132,0.4592610882734461,0.6609999141886829,0.78512813679732,0.754639501045957,0.7927401470929083,0.6018233070995688,0.6632935929911462,0.8525854385947723,0.5914396337410018,0.01548633840938441,0.021746302385691692
0,"AGREE rerank, score-compressing (p_f r^0.5)",0.5412573676491882,0.4156367172431275,0.6026895613480499,0.34537343037644447,0.5713060462576999,0.4135926299457559,0.8048615334981672,0.7027937435312671,0.24841052495343946,0.4804549664899863,0.42254869566471265,0.6273188611546998,0.777455914058852,0.7501698826817358,0.7707775497510407,0.4674752230017985,0.6640300912210638,0.8651811669395609,0.5987009852487537,0.014551133251971844,0.021746302385691692
1,Visual-only,0.5163652857425793,0.3786818588633565,0.5826284822181508,0.3265729360173661,0.547474179203925,0.3874813195534444,0.6774734322768652,0.6758387980484148,0.24722220568677386,0.43165802177198864,0.480539139345833,0.5734730365244206,0.7639140748392801,0.743347760011591,0.6901039093638648,0.4454936910969678,0.6357695864308744,0.8501867278080936,0.5894458706245779,0.011315511527098188,0.027472593509834106
1,Audio-only,0.2913990576207526,0.20283568234341473,0.325211956107849,0.17370720264533754,0.31950523851338103,0.130734420921145,0.6984267591621774,0.34484980392490777,0.14070805248528792,0.46293336413222524,0.2847016307078043,0.21385183697566576,0.5061025457579028,0.1935004993840771,0.618985818284786,0.22003136005105295,0.3609720052029678,0.23892872696636466,0.2132442085787705,0.0002821495879774961,0.006025558916298968
1,Late fusion (fixed w),0.5414969478588616,0.41820647636228664,0.6075023793629177,0.33226411672460465,0.554433912475777,0.3899961502388935,0.7803191940995748,0.6908343578458711,0.30445994876033566,0.49149791083015537,0.47725920378117853,0.5960181033960446,0.7696077881000644,0.7459449322498773,0.7752365067593897,0.4734047949421411,0.679511694262564,0.8396988486980448,0.596051330403644,0.010455150727298957,0.030718286029794928
1,Early fusion (joint),0.5169501853044953,0.38242209510893854,0.5963646361807676,0.3155957932180703,0.5564071221448759,0.3772211560650265,0.6820869395696505,0.6756640618477384,0.2533550803388651,0.4308684775618021,0.4670145568888886,0.5832263208159149,0.7581083215708966,0.7393172923430125,0.6902509691700262,0.45608091828045105,0.6322745628126666,0.854809455248829,0.5730415714307909,0.035620726188169756,0.022805617898816036
1,Mean ensemble (4 visual seeds),0.5306131885634326,0.3926056905910977,0.6039657858826595,0.3341440495606952,0.5431750527470683,0.4348165011450727,0.7364128292146627,0.6985202137097725,0.21730143673901156,0.446628494445299,0.48840048705620337,0.5946645619585594,0.7748105373517142,0.7605697387358341,0.7049269185607484,0.4653449402473495,0.6440653038857973,0.8620177810368738,0.592037045253297,0.02948058102692038,0.027251782464170312
1,Agreement ensemble (PAVE-style),0.5165610827412346,0.3875834526752597,0.5891588497573707,0.3152557246675568,0.5464894769730346,0.40574933989509154,0.7292890208941774,0.6646411466872802,0.21208576866838766,0.4301183811804036,0.48217893147099306,0.581289839604882,0.7610453558711981,0.7357276134577863,0.6719074776732955,0.4388823289770823,0.6400664467973806,0.8552646751086321,0.5753432869290928,0.028706256217596093,0.022753060194672572
1,Agreement ensemble + rare bypass,0.5162224700501516,0.3881398441799762,0.5862842101957458,0.3152557246675568,0.5421426519404978,0.40574933989509154,0.7292890208941774,0.6646411466872802,0.21208576866838766,0.4301183811804036,0.48217893147099306,0.581289839604882,0.7610453558711981,0.7357276134577863,0.6719074776732955,0.4388823289770823,0.6400664467973806,0.8552646751086321,0.5753432869290928,0.02615868723876164,0.02389103845763481
1,QMF (Zhang et al.),0.5147503195274511,0.38652262483492095,0.5904084037810082,0.31832630881290347,0.525141040819685,0.3588824770857093,0.8008454330206484,0.619235137206481,0.31963745728869647,0.4331772894404819,0.4405003603586591,0.5598700171395918,0.7594433065127585,0.7462524586724392,0.7713904486688586,0.45381644236704816,0.578032918598559,0.8361403402190273,0.44893024131751974,0.021917607881719838,0.07754245536878432
1,AGREE rerank (ours),0.5757695131299403,0.4312612675165196,0.6355655693200396,0.38361839004166687,0.5550816398474848,0.5273023510047928,0.7953697713136075,0.70991899311322,0.37729849128345666,0.521577962305621,0.4884941639067458,0.677780062765038,0.7924138186974055,0.7652082596296617,0.792137685165601,0.6055433401318335,0.6807288461387635,0.8614654610471658,0.5965874401014938,0.010455150727298957,0.030718286029794928
1,"AGREE rerank, test-set-wide multiset",0.5950889936593544,0.4384961355382587,0.6535019823573307,0.4108172109184004,0.5510372870636023,0.6584071079987027,0.8236654985256215,0.7430867954434229,0.4092789520484726,0.5311785333276603,0.48495570133981675,0.7045754398174311,0.7963521998710008,0.7683569441587083,0.802426651084792,0.6361538550793084,0.6818600685959886,0.8821784950032374,0.6018259260941655,0.010455150727298957,0.030718286029794928
1,"AGREE rerank, per half, 11 features (no event-structure context)",0.5584999433172011,0.42358291498786993,0.6230214690640284,0.3477455732783843,0.5690278055176669,0.4086819554725521,0.8013451704401411,0.6927543258588229,0.3807616335744221,0.5219202905323422,0.4773461467357935,0.6076348666717275,0.792255530619352,0.7592427093274811,0.7933367327697904,0.527845093643793,0.6791918035336006,0.8470121809478015,0.5949693539900394,0.010455150727298957,0.030718286029794928
1,"AGREE rerank, per half, no agreement variables",0.5679204076560184,0.4240765246252103,0.6275699070882663,0.3771939004947548,0.5378939420269774,0.47301633271399446,0.7960885673687369,0.7082988118768188,0.33212691811037404,0.5188338896655771,0.4813920681453606,0.6685865278283599,0.7932671868779452,0.7650348312686689,0.7909995689915245,0.6082084657865375,0.6777255713605901,0.8613083974359145,0.6006924139378407,0.010455150727298957,0.030718286029794928
1,"AGREE rerank, per half, past-only context",0.5628261826801154,0.42288509841151206,0.6227335972046688,0.374630217886063,0.52995855812935,0.47441583919576025,0.7808508108244834,0.6998002776911277,0.33483561097075315,0.5086954451643962,0.4748319101973252,0.6615938825263803,0.7798402690883214,0.7585628681192905,0.7893834053475608,0.5948628906150712,0.6780129073786368,0.8624870367810135,0.5987399567753979,0.010455150727298957,0.030718286029794928
1,"AGREE rerank, score-compressing (p_f r^0.5)",0.5453038008155655,0.4187637783400339,0.6087414998125195,0.34396117206770993,0.5434639203918915,0.393630518306404,0.7838394921480636,0.6952536812620352,0.30588004393977863,0.47366830206492916,0.4477429179735038,0.6284885337120554,0.7824679537453444,0.7563563544621815,0.776203260632466,0.4944586555992951,0.6747710941093241,0.877029322149746,0.5957371266105027,0.010455150727298957,0.030718286029794928
2,Visual-only,0.5180024265026549,0.37751459343755944,0.5840840859149304,0.3533677085894029,0.5252516502293763,0.4056140822553695,0.7234186735055842,0.6898784547792756,0.19518137962304047,0.4405529944404194,0.48196668323753794,0.5904676090852475,0.7681564703016476,0.7407505699178628,0.6715169241461538,0.46471963951214196,0.6368688143333329,0.8542375398383656,0.5771591009168703,0.021716263056473492,0.018584401366433665
2,Audio-only,0.28431521534485243,0.19847349835675693,0.32466137133969414,0.15851626180760647,0.29481827603056393,0.06910966307387548,0.670281213384694,0.32968220889888145,0.18302270000897225,0.45948379192314037,0.27957646635891886,0.21360401655684472,0.48813912913292085,0.19767972117335855,0.6328477795355772,0.2026693885891847,0.38508954361644476,0.25990545276765,0.15832306891460884,0.0005891823063732964,0.00853705859048209
2,Late fusion (fixed w),0.54144492369917,0.41920618563314016,0.607596888405734,0.3398927851688724,0.550533527216289,0.4118160694314728,0.8148384223658365,0.7077529163585441,0.28079311877171337,0.5156962786356165,0.43688655228012857,0.601968173861692,0.7571570430140665,0.744980709652571,0.7766264870141858,0.46454680143219923,0.671525806304163,0.840379123017232,0.586620496161252,0.024406492030857038,0.01803568533806866
2,Early fusion (joint),0.5104863523241308,0.3736995793812203,0.5811483893545613,0.3114148803555213,0.49944431012842794,0.37361596855645196,0.701812751900199,0.665448184624923,0.20506580577128533,0.43761444273697153,0.4846231047412189,0.5981069720091723,0.7626799611633017,0.732193988282543,0.6904455280566456,0.4452870792993559,0.6225078811040597,0.849294942922904,0.5702446852511366,0.01548454768984943,0.024397835271777746
2,Mean ensemble (4 visual seeds),0.5309292547884662,0.3929563504017798,0.6041393862978616,0.33430144090296915,0.5549527170966708,0.427402120963019,0.7313378807198796,0.6980378384959872,0.23182902943122052,0.4411857296661358,0.48719624375440085,0.5912693708189452,0.7743908042759652,0.7617208858432405,0.7081124062502253,0.4703808339958352,0.6388398928032933,0.8598507680365587,0.5959833774688822,0.027965446149193173,0.02534198563447446
2,Agreement ensemble (PAVE-style),0.5180159919923759,0.38814386268067014,0.5909763848370154,0.3138914734993475,0.5419003193287973,0.40155012428485987,0.722552170066247,0.6687125265928474,0.2258345911953114,0.4299994716166667,0.48356796882078484,0.5784169362348454,0.7613268928528043,0.739932188922168,0.6793553107610025,0.4446485570977286,0.6368194434919161,0.8541914183915614,0.5838938956157643,0.026912296892210162,0.026657751704874052
2,Agreement ensemble + rare bypass,0.5179647829871533,0.3892211291559272,0.5900661738800914,0.3138914734993475,0.5395527859625948,0.40155012428485987,0.722552170066247,0.6687125265928474,0.2258345911953114,0.4299994716166667,0.48356796882078484,0.5784169362348454,0.7613268928528043,0.739932188922168,0.6793553107610025,0.4446485570977286,0.6368194434919161,0.8541914183915614,0.5838938956157643,0.024267731297979447,0.03077929757652421
2,QMF (Zhang et al.),0.5076833429831629,0.3712949989990264,0.5605313108637318,0.3221686750465792,0.5930419670513211,0.3144057087468343,0.7917752130533121,0.642509950015238,0.22445800265646687,0.39196251003875326,0.44085701708076636,0.5457925250518819,0.7491921588968662,0.7254647222971887,0.7598529781807486,0.45399232940189216,0.5909970081779033,0.8324799461117216,0.3882397081741074,0.17891924541107365,0.006675840367692563
2,AGREE rerank (ours),0.5720235888104299,0.42988718106297613,0.6331443662180374,0.3952627019494503,0.5188365636712123,0.5798778496912429,0.824464615428672,0.7241206645548137,0.3036128677958803,0.5293068704657219,0.4789265457336062,0.6716004383368737,0.7869216490359215,0.7614026254775124,0.7867720316646739,0.6071122577340017,0.675346874932131,0.8618111529610331,0.571845824925085,0.024406492030857038,0.01803568533806866
2,"AGREE rerank, test-set-wide multiset",0.5902488568547125,0.43696294656774837,0.64845220172824,0.41195967323697646,0.5449810152977462,0.6915215327636637,0.8243141885050487,0.751289047990669,0.30737996839163023,0.5367193113799238,0.4906929567172325,0.7011976553929326,0.7920447762421958,0.7661277055913897,0.7954463173256581,0.6376443518669551,0.685278393128741,0.8822680933029946,0.5848830752644048,0.024406492030857038,0.01803568533806866
2,"AGREE rerank, per half, 11 features (no event-structure context)",0.5527266140391054,0.420487176426519,0.6165566818296164,0.361315019797436,0.5380583446102946,0.4308265224285412,0.8231830296693073,0.7106531336607621,0.3033791394251579,0.5345108620957324,0.44775530079252285,0.6167207473968823,0.7881019957221219,0.7574514133755987,0.7900560173917661,0.5219481639606625,0.6619135017992572,0.8436141994084132,0.585737889558846,0.024406492030857038,0.01803568533806866
2,"AGREE rerank, per half, no agreement variables",0.5704052951040931,0.4279028731581812,0.6318464737999642,0.39553874940075384,0.5250034684999713,0.5813066826110248,0.8167747752812975,0.7202175776720904,0.2913707931571777,0.5258172400708113,0.45162623704102883,0.6687798506586734,0.7888976679808067,0.7636292896950345,0.7893399436342751,0.6076608372117941,0.6773136482419168,0.8642761797199199,0.5824336479248341,0.024406492030857038,0.01803568533806866
2,"AGREE rerank, per half, past-only context",0.5673166254449268,0.42876720910761074,0.6295282107422341,0.39141377346891265,0.5422597264041541,0.5808760821041732,0.8084882677404274,0.7108411678770585,0.2927288038024855,0.5231614518526361,0.4452875821127406,0.6620915132018892,0.7788943367577056,0.7575429869868912,0.7793112010331967,0.597615641916796,0.6784075537830038,0.8652771440159416,0.5791569956057298,0.024406492030857038,0.01803568533806866
2,"AGREE rerank, score-compressing (p_f r^0.5)",0.5402332730358412,0.41605922977647325,0.6029132812030608,0.3523144450383435,0.5575149409036896,0.4061062206684091,0.7989885913655868,0.7046365608907675,0.2697374060711116,0.491008121612334,0.4138503038378525,0.6287633614922442,0.7724482153468213,0.7496422453742554,0.7591368348360039,0.47211521445283233,0.670410655512923,0.8715134175272532,0.5756513743482906,0.024406492030857038,0.01803568533806866
3,Visual-only,0.5135416110069946,0.37335082922061313,0.6001605214883761,0.3159781883773543,0.45235971283845533,0.4105306672856411,0.7052306776273104,0.6620937447588147,0.2177033000925598,0.43052718129793416,0.4773927523961975,0.6035832862207063,0.7659345843920016,0.7341753805292764,0.6930370801902198,0.45065981425748486,0.6242122287372626,0.8537568814381864,0.5675763248589236,0.04452600245771623,0.03690776774021678
3,Audio-only,0.27832191275233575,0.18917017540740766,0.31129526208004965,0.16648287758017621,0.3397279240266176,0.1274189439069139,0.6606827353173608,0.33178266255217853,0.14029606906834838,0.4533626571140694,0.2376826863057463,0.16320473697578639,0.4848502148022464,0.19763905049639768,0.6125960500976172,0.22933451574091046,0.335494506978573,0.24129724651814338,0.16848369514046044,0.0004518233766835123,0.007166998371655081
3,Late fusion (fixed w),0.5380707019040983,0.41456989385888077,0.6244593061654737,0.3231410090615266,0.499000779861376,0.41285853358519997,0.8110161808725167,0.6772651258952688,0.301568543691312,0.5012835221533845,0.4379227473767196,0.6141675633540417,0.7579997329238446,0.7415576465593152,0.7837128364712665,0.45434009718549667,0.6569566171667133,0.8396110651134755,0.5829347858195585,0.040062309445659666,0.03494384489452467
3,Early fusion (joint),0.5202350819540876,0.37760077157246086,0.5970466268124294,0.305462031054786,0.5414747042781941,0.3786307279827678,0.7057820700430176,0.6759772346232329,0.21466750750566863,0.42636645037425586,0.4652372868302417,0.5931531592387169,0.7629614756048834,0.7374045265680522,0.684524982170909,0.4442717622738572,0.6310953780448515,0.8481058198187049,0.5669766576655918,0.1465692624167063,0.020797387779836498
3,Mean ensemble (4 visual seeds),0.5331205231507066,0.39521381107468867,0.5988614896117641,0.33730694216249285,0.5891245404656239,0.4227218637357177,0.7298109460212726,0.7008439156294028,0.2228338428364589,0.44238806003551423,0.493455128500838,0.5877893381682852,0.7763849924337092,0.7614787401077361,0.706009964222165,0.47519096990592186,0.6466890614412456,0.8607690821028199,0.5990040151851774,0.02652953820180738,0.02202489456831602
3,Agreement ensemble (PAVE-style),0.5182572275312821,0.39099524515643,0.5829197756708787,0.32353358305590985,0.5609694172929691,0.3902623605090428,0.7209376925000458,0.667260483489516,0.21835291144645466,0.43604381016853255,0.48802558040756944,0.5758399398141737,0.7617974661094855,0.739977768671104,0.6776865261411895,0.44772109436347185,0.6428895262163025,0.8537754151750175,0.5831646890901702,0.02679291991658833,0.018875266720164628
3,Agreement ensemble + rare bypass,0.5176828380537547,0.39142251526873917,0.5802509594605546,0.32353358305590985,0.5556660302241749,0.3902623605090428,0.7209376925000458,0.667260483489516,0.21835291144645466,0.43604381016853255,0.48802558040756944,0.5758399398141737,0.7617974661094855,0.739977768671104,0.6776865261411895,0.44772109436347185,0.6428895262163025,0.8537754151750175,0.5831646890901702,0.023734162648980515,0.017472789938598663
3,QMF (Zhang et al.),0.5288094325339517,0.38662624096145526,0.5982011659748138,0.3379016141781147,0.5988006813219212,0.3735060191178452,0.8272280448679162,0.6558132691554388,0.2832180738958661,0.4466241318942456,0.4439503725726217,0.5774368854333146,0.765439074120528,0.7373536292239641,0.7693783849348518,0.471691889980667,0.5818002671664121,0.8367537513389768,0.4506672318266881,0.042641136588135266,0.1274575096377869
3,AGREE rerank (ours),0.5729661311946989,0.43022794226285066,0.6500193349780156,0.38006001939485495,0.5223232029277761,0.5809765434735085,0.8134881889218846,0.7033192922910756,0.33369346578643033,0.5161888959802152,0.4759268919725946,0.6819440627954374,0.7902082764177684,0.7622757201144252,0.7901177552073471,0.6103601758667655,0.6593283577657323,0.8616003889935514,0.5686255351411355,0.03510363175970926,0.03494384489452467
3,"AGREE rerank, test-set-wide multiset",0.5914610144167582,0.43503738714806073,0.6666645957067928,0.40789490272736667,0.558601216813365,0.6926970666859403,0.8309716747209596,0.7409210448241477,0.3306996843743005,0.5266676624332435,0.4720724395169978,0.7129613962731045,0.7926982399013631,0.7666809903494187,0.7955718400578985,0.6453816028036555,0.6672756047565881,0.882333464382392,0.5703373061670395,0.03402216612994915,0.03494384489452467
3,"AGREE rerank, per half, 11 features (no event-structure context)",0.5530080069417206,0.41907793761467704,0.6353170672535562,0.3441821865264805,0.5324821167422711,0.4287996107580547,0.817881492509872,0.683744467268597,0.3244371718607956,0.5154652649928395,0.4427327886952485,0.6296925011457376,0.7908044432525932,0.7567079485490121,0.7919181964231602,0.5280340254857502,0.6628014076427428,0.8429661683452639,0.5776623599971271,0.040062309445659666,0.03494384489452467
3,"AGREE rerank, per half, no agreement variables",0.5718398255300988,0.4285453317986494,0.6499368224904554,0.3807387304928968,0.5257303575062601,0.5796805131701452,0.8109506653137444,0.7002804105177393,0.3182662618109368,0.5151251768634793,0.4762233699868623,0.6798577466425196,0.7911790775451621,0.7633647674701064,0.7913629539977834,0.6121362059399312,0.6571812589433068,0.8595505938486595,0.5703401978008099,0.03510363175970926,0.03494384489452467
3,"AGREE rerank, per half, past-only context",0.566396780868304,0.4268944190531805,0.6447174616138316,0.37607116778704963,0.5195404440317339,0.574772085102957,0.8102792969306182,0.6846596453999534,0.31938497130856225,0.5047132341126536,0.46436318778543445,0.6769931214254445,0.7764501436150617,0.7514277072673725,0.7848153340380931,0.5974860398217113,0.6572061358187561,0.8604306953604826,0.5761757560881026,0.03510363175970926,0.03494384489452467
3,"AGREE rerank, score-compressing (p_f r^0.5)",0.5330117136566563,0.4067819299246441,0.618239845734114,0.3431788218714739,0.42634552182483265,0.4129561102697645,0.8010703404454174,0.6855654880123473,0.27262026284619445,0.47715589981770923,0.42726813905583677,0.6351380249754084,0.7707104962741315,0.7488194001148077,0.7712416588768902,0.4581306705956216,0.6573160442004988,0.8763638049650528,0.565491115548459,0.040062309445659666,0.03494384489452467
4,Visual-only,0.5061314978235149,0.36715303285822987,0.575493280231388,0.29945755967288,0.47994372059924656,0.36739248994219414,0.6944757955874045,0.6801944067418724,0.19805997940348152,0.4236695961935114,0.467500110937006,0.5755364251094318,0.7622343906269264,0.7409260027247929,0.6838216978519068,0.4414462867471374,0.6254448107749514,0.8523337151526327,0.5636895504396089,0.03203015588470564,0.01553632828294189
4,Audio-only,0.29512788733389783,0.2040458803896048,0.3333561594150743,0.17302698994798948,0.2779587345329631,0.13024664033653968,0.6917665663188637,0.36095449561378107,0.13393577336915274,0.465638006825918,0.2940180315014483,0.21890896411414892,0.512302700507103,0.2106417971876308,0.6358855012477007,0.2032319009020874,0.3723878645251958,0.2841436462053161,0.21040453832843475,0.00044466272755934526,0.014304260432419611
4,Late fusion (fixed w),0.5286251925243097,0.41178583606965646,0.5982272459326361,0.3199075844133157,0.5132410375170344,0.37322680950573955,0.8186480052212378,0.6989002276451964,0.28868839734047447,0.5034706626782571,0.39834579842385315,0.575076076811261,0.7416604575427539,0.745347063740756,0.7838248233673814,0.44569885168507956,0.6526874780143073,0.825303168730731,0.5790927861346546,0.03006485641698021,0.013351772137566033
4,Early fusion (joint),0.5049698968193712,0.36266255102875206,0.5764055358366085,0.3035573097875735,0.47002945366061105,0.3839079019686038,0.7002650107284464,0.6787657724953736,0.16041243943840391,0.4332819226930171,0.4453120319986658,0.553122608310883,0.7502266414027535,0.7397157370889672,0.7037400684918805,0.46256212893701654,0.6273702723286767,0.8425352731774368,0.5760357542477627,0.021119485265355047,0.03608574369545545
4,Mean ensemble (4 visual seeds),0.5348179656453552,0.39423163590841276,0.6035988081671307,0.3410685112920079,0.5769611979868933,0.4382277227735377,0.7341615428459186,0.6991571294124511,0.23103738925259015,0.445140159293344,0.4928878102310095,0.5954140147592697,0.7779388989608189,0.7623980013331743,0.7087938029387808,0.47424800614299606,0.6444824007387004,0.860536466924296,0.6002063996251632,0.0208263157010149,0.029488157051079808
4,Agreement ensemble (PAVE-style),0.5205277154160544,0.38968005217829377,0.5897102021892472,0.320077591151659,0.5653962684410697,0.405140588377769,0.7215650036371254,0.668757433244826,0.22494470440163317,0.4350569375296386,0.4873129118282826,0.5807064993472749,0.7626475361029489,0.7402347467161555,0.6822648880242426,0.4451495894294297,0.6371331129247791,0.8560920277985915,0.587473220972908,0.02121848798438265,0.02787720531186769
4,Agreement ensemble + rare bypass,0.5204777452697347,0.38990370507328986,0.5919861035990976,0.320077591151659,0.5622806665405072,0.405140588377769,0.7215650036371254,0.668757433244826,0.22494470440163317,0.4350569375296386,0.4873129118282826,0.5807064993472749,0.7626475361029489,0.7402347467161555,0.6822648880242426,0.4451495894294297,0.6371331129247791,0.8560920277985915,0.587473220972908,0.01920548911978592,0.032156313589591944
4,QMF (Zhang et al.),0.5151287884888325,0.3882466979586604,0.5717318580525494,0.317083876392388,0.6013488833757471,0.37917346538516356,0.795748396699818,0.645390210945645,0.29161324314151316,0.41970229340362625,0.4360640159930045,0.5630144670174805,0.7587704056141132,0.7474683178980389,0.7608571163292536,0.43806962155128526,0.6212712701166972,0.8437589133099547,0.4389422972280204,0.006708263920722529,0.00928822238006672
4,AGREE rerank (ours),0.5629739573905173,0.4284325833149615,0.6249262693648377,0.37384971910070053,0.4810671896116391,0.5209353591439524,0.8162913313091036,0.7153550655325508,0.29267864072097866,0.5146689690858574,0.47106476729043506,0.6638585231093604,0.7859386274615731,0.762833782199144,0.7934612814692009,0.6097491273750993,0.6795937132886535,0.8530428267097445,0.5722430119515799,0.024423287242353185,0.013351772137566033
4,"AGREE rerank, test-set-wide multiset",0.5812735902883087,0.4378303381737461,0.6365526025203743,0.39391358040801655,0.540282809082354,0.6381611098762231,0.8181678493793363,0.7389803020851861,0.2941768772257593,0.5285915959128297,0.46427342395947324,0.694807302466875,0.7901415967661367,0.7648651091366951,0.7997325864716555,0.6420510733794271,0.6763443575796764,0.8804264966292107,0.5733564736567865,0.02394029915605931,0.013351772137566033
4,"AGREE rerank, per half, 11 features (no event-structure context)",0.5428537571877757,0.41736348655553795,0.6090031548325764,0.3409331161503856,0.5064362633695185,0.3892823094674963,0.8227106943782977,0.7030005279254106,0.29982813764440747,0.5194344101884867,0.42948793284537373,0.5985191483434722,0.7855701393618734,0.7507472899566957,0.7922510822185823,0.5098009611103511,0.6603954429168969,0.8384625327093861,0.5791703712013921,0.03006485641698021,0.013351772137566033
4,"AGREE rerank, per half, no agreement variables",0.5606402937893024,0.42641171487564067,0.6227542075335974,0.3762058298802315,0.4723466401717276,0.5210494583876217,0.8140805826497091,0.7119111565119436,0.28511917363965383,0.5193278612298842,0.4620571872959372,0.6664006493214948,0.785978235359845,0.7615621843269028,0.7913495714563363,0.6087010904603661,0.6705466266529547,0.8517872609510515,0.570892256622791,0.024423287242353185,0.013351772137566033
4,"AGREE rerank, per half, past-only context",0.5521441290663489,0.4220173296786378,0.6152468289584335,0.36445281996189294,0.4659892496224025,0.5143662594122888,0.8071339238230533,0.7008064242984801,0.28042817487171645,0.508033948025806,0.41383670998052347,0.6556482549483892,0.7719993920957474,0.7556030160339863,0.7870255885668187,0.5998349384196783,0.6648401857885406,0.846595656175809,0.5765334126847709,0.024423287242353185,0.013351772137566033
4,"AGREE rerank, score-compressing (p_f r^0.5)",0.5250751039184092,0.40636691086848953,0.5897286881502993,0.3280802228892393,0.4818598104105414,0.3642254625930825,0.7902440247455842,0.6971554253187445,0.2235198420492936,0.4893756724509475,0.409191086260963,0.6117909556658065,0.7587316292585995,0.7491715552903138,0.7678508253914406,0.47208692807850294,0.6528230997980292,0.8587594190341562,0.5560744017124043,0.03006485641698021,0.013351772137566033
