seed,selector,rare_recall80,rare_recall90,n_rare_correct,rare_ece,rare_mean_r,rare_precision
0,Confidence-only,0.5384615384615384,0.7438769230769231,13,0.28284993084534443,0.5741619280068369,0.7647058823529411
0,Confidence-only class-conditional,0.6923076923076923,1.0,13,0.28284993084534443,0.5741619280068369,0.7647058823529411
0,AGREE pooled,0.5384615384615384,0.6153846153846154,13,0.37238462618275636,0.4778064845584203,0.7647058823529411
0,AGREE class-conditional,0.5384615384615384,0.6153846153846154,13,0.37238462618275636,0.4778064845584203,0.7647058823529411
1,Confidence-only,0.70917534477906,0.9090909090909091,22,0.17351903191437767,0.53607316360187,0.5789473684210527
1,Confidence-only class-conditional,0.9090909090909091,1.0,22,0.1251581880229189,0.5450571794351086,0.5789473684210527
1,AGREE pooled,0.5909090909090909,0.7272727272727273,22,0.3344444599893955,0.4722969735989813,0.5789473684210527
1,AGREE class-conditional,0.8181818181818182,0.8181818181818182,22,0.17742382980671859,0.5352750795687311,0.5789473684210527
2,Confidence-only,0.9,0.9,20,0.19587372664869834,0.6978838733262231,0.5555555555555556
2,Confidence-only class-conditional,0.85,0.85,20,0.15100052239326947,0.6168116590686251,0.5555555555555556
2,AGREE pooled,0.6418495297805642,0.7,20,0.2963165611607283,0.5102010659965717,0.5555555555555556
2,AGREE class-conditional,0.7,0.9,20,0.16435414976930152,0.5216496685860442,0.5555555555555556
3,Confidence-only,0.9285714285714286,0.9285714285714286,14,0.15985368700941285,0.6380496621116395,0.5384615384615384
3,Confidence-only class-conditional,0.7857142857142857,0.9285714285714286,14,0.12029232891909027,0.6021150316254744,0.5384615384615384
3,AGREE pooled,0.3309711708809792,0.5,14,0.34652200194524324,0.3915129618170009,0.5384615384615384
3,AGREE class-conditional,0.7142857142857143,0.7142857142857143,14,0.23611591073601565,0.48094612659183544,0.5384615384615384
4,Confidence-only,0.7017003676470589,0.8746586475942784,24,0.12762331423555187,0.4885604165883001,0.47058823529411764
4,Confidence-only class-conditional,0.625,0.625,24,0.20653354522634662,0.4856707571566982,0.47058823529411764
4,AGREE pooled,0.6666666666666666,0.7140909758965316,24,0.2480993947950207,0.3656120193157519,0.47058823529411764
4,AGREE class-conditional,0.7083333333333334,0.7916666666666666,24,0.2179325524873903,0.38366885206142193,0.47058823529411764
