seed,selector,AURC,risk80,risk90,AURC_tie_low,AURC_tie_high,ECE,Brier,spearman,n
0,Confidence-only (calibrated p_f),0.205092422597783,0.2837886315870731,0.31036885805528025,0.1909399203519832,0.22054716138017866,0.015105660966060535,0.2011374616025733,0.3120570263177133,20180
0,Same-type ensemble agreement,0.1965864774163751,0.28382526015857285,0.31213690010719275,0.18687013777404304,0.2068388938698582,0.012337154509647404,0.19863630459986464,0.32705381929550414,20180
0,QMF fused confidence,0.1946431295643717,0.27713405949777414,0.3033041091713044,0.18431552045775337,0.2054786845974111,0.010047427593953407,0.19648234377855361,0.3395879673551899,20180
0,"Confidence-only, class-conditional",0.17262786717268136,0.263767224016113,0.2959679311318903,0.17079946585711414,0.17448097040048283,0.014943861057739613,0.18473875221090258,0.4123472447920958,20180
0,AGREE without event-structure context,0.15069306631290066,0.24450787417266054,0.2862797400839778,0.1421207245568854,0.16630265857963303,0.01237493629807638,0.16876740587202987,0.48538684602273635,20180
0,"AGREE, pooled calibration",0.1459347240444629,0.23891383795837465,0.28405896637861583,0.1392270584372547,0.1547292811235088,0.011192819904424606,0.1631246500275084,0.506457627936602,20180
0,"AGREE, class-conditional (ours)",0.14496560853469276,0.23933635739879544,0.2839503569529085,0.14364100771864402,0.14636051653907034,0.010034329016505665,0.16351418301034215,0.504703884220699,20180
0,NetVLAD++ confidence,0.20212561591429,0.3026511397423191,0.33413070398019773,0.2000895242825,0.20419313745906728,0.14947256190013863,0.256780523185198,0.29201821597866706,20180
0,CALF confidence,0.1970859334756771,0.2643949849550886,0.30325384421085094,0.18131337111571172,0.21238906857505407,0.23498906349105542,0.2522983375896426,0.40230210297237806,20180
0,"AGREE, transductive score reassignment",0.1770727735251057,0.2522778274485584,0.28783536526209447,0.16754424436527476,0.1887064351642383,0.013794931764959568,0.18163674508345876,0.41343893044174945,20180
1,Confidence-only (calibrated p_f),0.2134628722644736,0.3104967194634086,0.3411644889014946,0.20045904730648845,0.22826219593061098,0.011306669041918415,0.20074218049400533,0.3754795556365847,23274
1,Same-type ensemble agreement,0.2195061196655868,0.3180745275606988,0.34659256995031795,0.20772127036346205,0.23176618592527365,0.010086965907225723,0.2047855148302522,0.34657388098166625,23274
1,QMF fused confidence,0.20610439994952878,0.30125788134603276,0.3319306167582583,0.19574576713154182,0.2175278950912652,0.011682176866732296,0.19550164980770263,0.3970491732588172,23274
1,"Confidence-only, class-conditional",0.18988109260904606,0.29487446294307196,0.3292322801083005,0.18826821654516274,0.19151655188535652,0.014678317204455723,0.18746235161566158,0.44337843114202513,23274
1,AGREE without event-structure context,0.16859418185789843,0.2743497532257407,0.3196119440686047,0.16245117874707904,0.1753337246862554,0.008297031165426256,0.17012543470410318,0.5152316764857283,23274
1,"AGREE, pooled calibration",0.16416838980035006,0.26953101191517,0.316624200961783,0.1569405183691943,0.17414540926035305,0.008355647321404898,0.16442433966393108,0.535539975555603,23274
1,"AGREE, class-conditional (ours)",0.16383917742536305,0.27030912799692547,0.31665340027260247,0.16237357502573302,0.16537549937668394,0.012159502700206966,0.16432180872111646,0.5350682226600562,23274
1,NetVLAD++ confidence,0.22665011675843857,0.33447905477980666,0.3684145013184487,0.2246862246041212,0.22863316111882825,0.12798244493150698,0.2515404584375308,0.31042900726461164,23274
1,CALF confidence,0.23230274311435783,0.31474336607761577,0.3457898858157542,0.20780296558574424,0.2560428728850372,0.28430959275140805,0.29242149041564747,0.3756674265432772,23274
1,"AGREE, transductive score reassignment",0.1857303358950962,0.2793639944015884,0.32060395377795914,0.1783883827353645,0.1935455285951156,0.010401063725284545,0.17962262001021698,0.4711391179081592,23274
2,Confidence-only (calibrated p_f),0.20136247926774947,0.2702958283579215,0.29742953941121697,0.18264569920567303,0.22212843851700043,0.010301592206224936,0.19871275225327756,0.30475977781423835,19970
2,Same-type ensemble agreement,0.1940073334729317,0.27687966159765964,0.3009068892334014,0.18274920117812113,0.20595262799497116,0.007087130901629653,0.1976387761703179,0.31063111868841603,19970
2,QMF fused confidence,0.18674841700993838,0.26528422953579306,0.2946696579354046,0.17482368735847548,0.20107992424601032,0.00846535073211504,0.19237324228596742,0.34565048013779176,19970
2,"Confidence-only, class-conditional",0.1723523381345567,0.2569330185754823,0.2871455822438588,0.1704630238336043,0.1742720242454958,0.01189662545977411,0.18599582468707399,0.38718866606448554,19970
2,AGREE without event-structure context,0.14810004977359492,0.2379707877968155,0.2780621585592721,0.14025130878308123,0.15692583540334015,0.009362694024993762,0.16942125053662768,0.4682343714535537,19970
2,"AGREE, pooled calibration",0.14546892595076577,0.23170394306192832,0.2744209325551928,0.1383404418675787,0.15440277637352498,0.01380394809472272,0.16506661799407432,0.4858709691722879,19970
2,"AGREE, class-conditional (ours)",0.14471741774772398,0.23032844721627896,0.27436710621487786,0.14329095815284296,0.14624627633390586,0.015138408666666268,0.1646688734680583,0.48707330662673737,19970
2,NetVLAD++ confidence,0.19675472799283342,0.28999749624436655,0.3212589438651285,0.1947005765040635,0.19883924589099822,0.1508620791790794,0.25644108166333923,0.28542993135869255,19970
2,CALF confidence,0.19530529669344437,0.26442752321530266,0.2972095396118532,0.17687298014951644,0.2134297843007249,0.2884432389079576,0.2861963644018054,0.36703622977840233,19970
2,"AGREE, transductive score reassignment",0.17118581028988467,0.24449877224093022,0.2774954630133405,0.16191993013542796,0.18174059793031766,0.012761978465728505,0.18008379770574484,0.40388247704606123,19970
3,Confidence-only (calibrated p_f),0.20537567434059864,0.27529499840082416,0.30127396664136247,0.18476090147676646,0.22842959578021427,0.015440697740785663,0.20026322114730785,0.30390605794719516,20305
3,Same-type ensemble agreement,0.19523037458948592,0.2777793364309041,0.3047895193697955,0.18004044301775315,0.21172368084563362,0.008253518963782893,0.19804074020179863,0.31808122462668453,20305
3,QMF fused confidence,0.18466730462219944,0.2666157599077128,0.2949494783440874,0.17513165283993487,0.19480054384641063,0.01174091550978987,0.1927521304576153,0.3516860189406106,20305
3,"Confidence-only, class-conditional",0.17530803043637916,0.26096262762108613,0.2923625425903425,0.1725615267004149,0.17816720968949157,0.0190224919855126,0.1878822472977851,0.38695457592783394,20305
3,AGREE without event-structure context,0.15039356956168232,0.24103279578268147,0.2835277890466531,0.14240175437012143,0.15953163861181824,0.01290435817183815,0.17104251274515472,0.4677776572271895,20305
3,"AGREE, pooled calibration",0.14753512697739188,0.23755749065755127,0.2800780632287052,0.1410984070685018,0.15596508763748734,0.014122890278187663,0.16686531016539852,0.4842435181124272,20305
3,"AGREE, class-conditional (ours)",0.14661323239177054,0.23569471804974143,0.280031268321282,0.1453835510012183,0.14787550654837217,0.012805315795082388,0.1668464746425582,0.4841563320067047,20305
3,NetVLAD++ confidence,0.20012891504757485,0.2944471804974144,0.326631475643847,0.1982206189659609,0.2020654677955125,0.14661986943711255,0.25632474962782525,0.2850615397703426,20305
3,CALF confidence,0.2031898536063912,0.272833177804798,0.30332282681892,0.18257344474622264,0.22351595330173563,0.3035950367139665,0.30003477727832994,0.35142423526093136,20305
3,"AGREE, transductive score reassignment",0.1759296101184151,0.24944067259999295,0.28445564435484516,0.1649604343965602,0.18865806626222204,0.014640493126095482,0.18270043675322892,0.3998229348190654,20305
4,Confidence-only (calibrated p_f),0.27821644957906333,0.36749011699663325,0.40528330301708837,0.25496065852645544,0.3037895755917571,0.014856453322189128,0.21085780900467643,0.37466935627197134,27583
4,Same-type ensemble agreement,0.25070287765712435,0.3692328797873047,0.40711261181209646,0.23864236036323894,0.26338338111167037,0.009643405153937008,0.20160727869769815,0.42500929914172597,27583
4,QMF fused confidence,0.23775473816481915,0.3574576040763376,0.39437575634483396,0.22903096869650258,0.246895029458707,0.011141451771574992,0.19198857659109367,0.4676885047883278,27583
4,"Confidence-only, class-conditional",0.23234167392387867,0.350116177941276,0.39373527737641756,0.23066496006741194,0.23403839247414818,0.014249659985212718,0.18740124364707939,0.4887448872559066,27583
4,AGREE without event-structure context,0.20737017912317762,0.3363303360999482,0.3872662632034465,0.2010825234880532,0.21483308536394546,0.014130964632750301,0.1681373729147855,0.5618449052661352,27583
4,"AGREE, pooled calibration",0.2033057051506443,0.33211380225049186,0.3861771731929503,0.1963317347310059,0.2120280940027539,0.013195890334354844,0.1624181062890498,0.5800486206224114,27583
4,"AGREE, class-conditional (ours)",0.20209370049161715,0.3317989056787467,0.3860063925741057,0.20085176248931064,0.2033868041750945,0.010214429293626258,0.16205450964092818,0.5809362886644012,27583
4,NetVLAD++ confidence,0.266758280543211,0.40417818461956767,0.43195687086119744,0.26343223644879976,0.27008642045884546,0.1276950795990599,0.24558910360014138,0.3546683661233682,27583
4,CALF confidence,0.2551949670851937,0.37188223433194,0.4087275984894848,0.22869932468450116,0.2797453137328928,0.2044417492041887,0.2380263791585961,0.47594947997625936,27583
4,"AGREE, transductive score reassignment",0.2450638391152487,0.34718825129656306,0.3895530531905154,0.235607082724065,0.255766419942714,0.015238085402797917,0.19016614405635773,0.4680180163761723,27583
